Date,PETZ3,AMERICANAS,VIA VAREJO,AMAZON,APPLE
2020-11-26,62.27000045776367,75.75,42.11524963378906,19.0,19.209999084472656
2020-11-27,62.290000915527344,76.61000061035156,42.66474914550781,19.25,18.489999771118164
2020-11-30,64.30000305175781,70.4000015258789,42.38999938964844,19.0,17.75
2020-12-01,64.0199966430664,69.76000213623047,42.38999938964844,18.170000076293945,17.149999618530273
2020-12-02,64.52999877929688,68.5,41.895450592041016,18.690000534057617,17.1200008392334
2020-12-03,63.08000183105469,72.44000244140625,41.2713737487793,18.75,17.209999084472656
2020-12-04,62.54999923706055,78.0,40.76897430419922,18.8799991607666,17.510000228881836
2020-12-07,63.279998779296875,84.02999877929688,40.39609909057617,17.950000762939453,17.43000030517578
2020-12-08,63.70000076293945,83.75,40.72187423706055,18.200000762939453,17.700000762939453
2020-12-09,63.13999938964844,81.4000015258789,40.03499984741211,17.850000381469727,17.209999084472656
2020-12-10,62.02000045776367,81.5,39.057674407958984,17.450000762939453,17.020000457763672
2020-12-11,61.939998626708984,78.5999984741211,39.395225524902344,17.709999084472656,16.81999969482422
2020-12-14,62.75,78.11000061035156,40.23125076293945,17.959999084472656,16.829999923706055
2020-12-15,65.0,78.4800033569336,40.58842468261719,18.100000381469727,17.020000457763672
2020-12-16,64.8499984741211,81.48999786376953,41.20857620239258,17.989999771118164,17.100000381469727
2020-12-17,65.04000091552734,79.94999694824219,40.99662399291992,18.200000762939453,16.969999313354492
2020-12-18,65.19000244140625,78.66000366210938,40.623748779296875,18.739999771118164,16.81999969482422
2020-12-21,65.26000213623047,77.0999984741211,40.97700119018555,18.350000381469727,16.149999618530273
2020-12-22,68.9800033569336,75.97000122070312,41.59714889526367,18.899999618530273,15.9399995803833
2020-12-23,67.9000015258789,75.5999984741211,41.33810043334961,19.0,16.1299991607666
2020-12-28,71.69999694824219,77.04000091552734,42.9787483215332,19.360000610351562,16.59000015258789
2020-12-29,70.0,75.69999694824219,43.48899841308594,19.559999465942383,16.579999923706055
2020-12-30,69.0,75.61000061035156,42.90024948120117,19.100000381469727,16.15999984741211
2021-01-04,68.54000091552734,75.18000030517578,42.158424377441406,18.579999923706055,16.170000076293945
2021-01-05,69.16000366210938,73.5,42.48812484741211,18.59000015258789,16.219999313354492
2021-01-06,67.37000274658203,68.69999694824219,41.62462615966797,17.639999389648438,15.489999771118164
2021-01-07,70.93000030517578,67.30999755859375,42.93949890136719,17.520000457763672,15.079999923706055
2021-01-08,71.72000122070312,72.0,43.55965042114258,18.1299991607666,15.529999732971191
2021-01-11,71.36000061035156,71.30999755859375,43.37125015258789,18.950000762939453,15.119999885559082
2021-01-12,68.75,74.08999633789062,41.742374420166016,20.149999618530273,15.170000076293945
2021-01-13,70.87999725341797,75.30000305175781,42.1859016418457,21.56999969482422,14.850000381469727
2021-01-14,68.38999938964844,77.3499984741211,40.757198333740234,22.0,14.899999618530273
2021-01-15,67.30000305175781,81.30000305175781,41.46762466430664,21.75,14.579999923706055
2021-01-18,67.08000183105469,82.1500015258789,41.479400634765625,21.5,14.539999961853027
2021-01-19,68.48999786376953,80.62000274658203,41.997501373291016,21.40999984741211,14.319999694824219
2021-01-20,69.8499984741211,87.5,43.45367431640625,21.790000915527344,14.569999694824219
2021-01-21,73.5999984741211,89.79000091552734,44.352500915527344,22.299999237060547,14.260000228881836
2021-01-22,76.3499984741211,89.30999755859375,45.12179946899414,22.030000686645508,14.1899995803833
2021-01-26,77.0,85.8499984741211,44.686126708984375,22.600000381469727,14.520000457763672
2021-01-27,76.9000015258789,84.7699966430664,43.645999908447266,21.100000381469727,14.15999984741211
2021-01-28,74.5,86.19999694824219,44.18372344970703,21.799999237060547,15.289999961853027
2021-01-29,72.0199966430664,82.31999969482422,43.959999084472656,21.5,14.6899995803833
2021-02-01,73.55000305175781,83.55999755859375,45.56924819946289,21.600000381469727,14.380000114440918
2021-02-02,72.4000015258789,89.30000305175781,46.04024887084961,21.799999237060547,15.279999732971191
2021-02-03,72.0,90.38999938964844,44.54875183105469,21.969999313354492,15.079999923706055
2021-02-04,74.5999984741211,86.33999633789062,45.55747604370117,21.649999618530273,15.0
2021-02-05,73.5999984741211,84.51000213623047,45.09825134277344,21.65999984741211,15.079999923706055
2021-02-08,73.19999694824219,84.06999969482422,44.5880012512207,22.030000686645508,15.220000267028809
2021-02-09,73.25,83.0,44.86275100708008,22.649999618530273,14.930000305175781
2021-02-10,73.05999755859375,82.54000091552734,44.309326171875,22.360000610351562,14.350000381469727
2021-02-11,72.75,85.5999984741211,44.042423248291016,22.239999771118164,14.600000381469727
2021-02-12,72.87000274658203,85.41000366210938,44.23474884033203,22.350000381469727,14.479999542236328
2021-02-17,70.87999725341797,86.37999725341797,44.94124984741211,23.170000076293945,14.619999885559082
2021-02-18,70.16999816894531,83.0,45.345523834228516,23.1200008392334,14.489999771118164
2021-02-19,69.93000030517578,88.6500015258789,43.850101470947266,23.799999237060547,14.0
2021-02-22,68.83999633789062,89.66999816894531,43.567501068115234,23.34000015258789,12.9399995803833
2021-02-23,69.37999725341797,85.9000015258789,43.959999084472656,22.799999237060547,13.1899995803833
2021-02-24,67.98999786376953,86.30000305175781,43.12397384643555,22.139999389648438,13.270000457763672
2021-02-25,67.0,85.0,42.35074996948242,21.399999618530273,12.609999656677246
2021-02-26,69.69000244140625,82.0,43.261348724365234,20.979999542236328,11.869999885559082
2021-03-01,71.91000366210938,80.7300033569336,45.32982635498047,21.65999984741211,12.109999656677246
2021-03-02,71.41999816894531,78.58999633789062,43.76374816894531,22.31999969482422,12.020000457763672
2021-03-03,68.91999816894531,76.1500015258789,43.049400329589844,21.799999237060547,11.920000076293945
2021-03-04,68.26000213623047,74.68000030517578,42.56662368774414,21.399999618530273,12.109999656677246
2021-03-05,69.05000305175781,71.48999786376953,42.499900817871094,21.3700008392334,12.029999732971191
2021-03-08,67.62999725341797,66.63999938964844,42.86885070800781,20.229999542236328,11.539999961853027
2021-03-09,70.4000015258789,63.13999938964844,44.744998931884766,21.489999771118164,10.979999542236328
2021-03-10,68.0999984741211,67.9800033569336,43.37125015258789,20.5,11.869999885559082
2021-03-11,67.80000305175781,67.41999816894531,43.363399505615234,20.260000228881836,12.319999694824219
2021-03-12,66.9800033569336,63.90999984741211,43.445823669433594,19.6299991607666,11.800000190734863
2021-03-15,69.95999908447266,65.81999969482422,43.37125015258789,20.399999618530273,12.239999771118164
2021-03-16,70.73999786376953,63.7599983215332,43.547874450683594,20.0,12.0
2021-03-17,69.7300033569336,64.55000305175781,44.05812454223633,20.420000076293945,12.1899995803833
2021-03-18,67.23999786376953,61.25,42.130950927734375,19.969999313354492,11.609999656677246
2021-03-19,66.0199966430664,62.38999938964844,42.213375091552734,20.3700008392334,12.15999984741211
2021-03-22,68.23999786376953,62.959999084472656,43.13574981689453,20.3799991607666,12.079999923706055
2021-03-23,67.80000305175781,62.560001373291016,43.17499923706055,20.049999237060547,12.109999656677246
2021-03-24,67.94999694824219,60.43000030517578,43.60675048828125,19.899999618530273,11.4399995803833
2021-03-25,68.58000183105469,60.79999923706055,43.40657424926758,19.93000030517578,12.039999961853027
2021-03-26,69.30000305175781,59.290000915527344,43.63422393798828,19.290000915527344,11.970000267028809
2021-03-29,69.5,60.2599983215332,43.86972427368164,19.239999771118164,11.8100004196167
2021-03-30,69.1500015258789,61.54999923706055,44.08952331542969,19.149999618530273,12.34000015258789
2021-03-31,69.19999694824219,60.75,43.76374816894531,19.790000915527344,12.069999694824219
2021-04-01,70.31999969482422,61.56999969482422,45.13750076293945,19.760000228881836,12.25
2021-04-05,71.51000213623047,61.70000076293945,45.87932586669922,20.329999923706055,12.520000457763672
2021-04-06,70.86000061035156,63.13999938964844,45.27487564086914,20.600000381469727,12.359999656677246
2021-04-07,72.04000091552734,61.27000045776367,46.23649978637695,20.200000762939453,12.3100004196167
2021-04-08,72.77999877929688,63.2400016784668,46.10697555541992,21.56999969482422,12.920000076293945
2021-04-09,75.55000305175781,62.63999938964844,47.89677429199219,22.299999237060547,12.470000267028809
2021-04-12,75.48999786376953,63.29999923706055,48.54832458496094,21.809999465942383,12.569999694824219
2021-04-13,76.93000030517578,68.9800033569336,48.709251403808594,21.549999237060547,12.609999656677246
2021-04-14,74.93000030517578,67.06999969482422,47.064674377441406,21.8799991607666,12.779999732971191
2021-04-15,75.6500015258789,68.19000244140625,47.49250030517578,21.639999389648438,12.829999923706055
2021-04-16,75.19999694824219,68.19999694824219,47.688751220703125,22.59000015258789,12.75
2021-04-19,74.88999938964844,67.5999984741211,46.856651306152344,22.459999084472656,12.800000190734863
2021-04-20,74.04000091552734,65.69999694824219,46.000999450683594,22.459999084472656,12.670000076293945
2021-04-22,72.30000305175781,65.0,45.20029830932617,21.799999237060547,12.630000114440918
2021-04-23,74.20999908447266,64.80000305175781,45.95782470703125,22.31999969482422,13.119999885559082
2021-04-26,73.58999633789062,64.3499984741211,46.49162673950195,22.3799991607666,12.850000381469727
2021-04-27,73.70999908447266,62.459999084472656,46.49162673950195,23.0,12.15999984741211
2021-04-28,71.91000366210938,63.45000076293945,46.45237350463867,23.389999389648438,12.220000267028809
2021-04-29,70.95999908447266,68.33000183105469,48.08124923706055,23.899999618530273,12.100000381469727
2021-04-30,71.44999694824219,67.31999969482422,47.17850112915039,24.170000076293945,11.829999923706055
2021-05-03,71.4000015258789,66.73999786376953,45.518226623535156,23.68000030517578,11.869999885559082
2021-05-04,69.48999786376953,65.8499984741211,45.11787414550781,23.799999237060547,11.9399995803833
2021-05-05,68.51000213623047,65.4000015258789,43.94430160522461,24.209999084472656,12.100000381469727
2021-05-06,68.94000244140625,63.0,43.99924850463867,24.770000457763672,11.960000038146973
2021-05-07,68.2699966430664,62.47999954223633,43.1828498840332,24.860000610351562,12.15999984741211
2021-05-10,66.5,59.75,41.746299743652344,24.6200008392334,12.029999732971191
2021-05-11,65.69999694824219,59.099998474121094,42.09562683105469,23.350000381469727,12.119999885559082
2021-05-12,65.25,58.56999969482422,41.84049987792969,21.260000228881836,11.699999809265137
2021-05-13,66.0,60.0099983215332,41.946475982666016,21.520000457763672,12.220000267028809
2021-05-14,67.12999725341797,59.310001373291016,42.40962600708008,21.670000076293945,12.130000114440918
2021-05-17,66.44999694824219,58.5,43.14360046386719,22.5,11.979999542236328
2021-05-18,65.80000305175781,57.7400016784668,42.44102478027344,22.489999771118164,11.989999771118164
2021-05-19,66.0999984741211,56.59000015258789,43.018001556396484,21.600000381469727,12.050000190734863
2021-05-20,67.08000183105469,56.79999923706055,42.70399856567383,21.959999084472656,11.90999984741211
2021-05-21,67.08999633789062,56.0,42.833526611328125,21.25,11.869999885559082
2021-05-24,67.62999725341797,58.310001373291016,43.17499923706055,21.520000457763672,12.460000038146973
2021-05-25,67.86000061035156,59.2400016784668,43.58712387084961,22.1200008392334,12.430000305175781
2021-05-26,67.2300033569336,57.9900016784668,43.27312469482422,22.209999084472656,12.510000228881836
2021-05-27,66.01000213623047,59.59000015258789,42.649051666259766,23.020000457763672,12.720000267028809
2021-05-28,65.19999694824219,59.88999938964844,41.94255065917969,23.040000915527344,12.720000267028809
2021-05-31,65.5,59.75,42.20159912109375,23.34000015258789,12.979999542236328
2021-06-01,64.16999816894531,63.65999984741211,41.56967544555664,23.200000762939453,13.84000015258789
2021-06-02,63.40999984741211,63.54999923706055,41.07512664794922,23.200000762939453,14.350000381469727
2021-06-04,63.5,64.3499984741211,40.42357635498047,22.950000762939453,14.550000190734863
2021-06-07,63.27000045776367,65.70999908447266,40.31367492675781,23.0,14.649999618530273
2021-06-08,63.779998779296875,66.37999725341797,41.2713737487793,23.809999465942383,15.289999961853027
2021-06-09,64.19999694824219,66.13999938964844,41.56575012207031,24.1299991607666,15.079999923706055
2021-06-10,63.79999923706055,68.12000274658203,42.413551330566406,23.6299991607666,14.5600004196167
2021-06-11,65.16999816894531,67.31999969482422,42.861000061035156,23.969999313354492,14.600000381469727
2021-06-14,66.0999984741211,70.75,42.85707473754883,23.600000381469727,14.800000190734863
2021-06-15,65.36000061035156,72.2699966430664,42.61764907836914,23.489999771118164,14.760000228881836
2021-06-16,65.62000274658203,71.08000183105469,42.90024948120117,23.81999969482422,14.680000305175781
2021-06-17,66.22000122070312,70.6500015258789,43.959999084472656,24.399999618530273,15.0600004196167
2021-06-18,66.2300033569336,70.5,44.24259948730469,24.649999618530273,15.170000076293945
2021-06-21,66.30000305175781,70.48999786376953,43.37125015258789,24.440000534057617,15.75
2021-06-22,66.5999984741211,69.83000183105469,43.41835021972656,24.309999465942383,15.930000305175781
2021-06-23,66.33000183105469,68.29000091552734,43.50077438354492,24.899999618530273,15.800000190734863
2021-06-24,65.23999786376953,70.37000274658203,42.17412567138672,24.450000762939453,15.770000457763672
2021-06-25,65.58000183105469,68.0999984741211,41.899375915527344,24.8700008392334,15.720000267028809
2021-06-28,66.23999786376953,69.44999694824219,42.30757522583008,25.68000030517578,16.030000686645508
2021-06-29,67.33000183105469,68.87999725341797,42.547000885009766,25.84000015258789,16.020000457763672
2021-06-30,68.0,66.26000213623047,42.947349548339844,25.760000228881836,15.789999961853027
2021-07-01,69.12999725341797,65.54000091552734,43.332000732421875,24.899999618530273,15.460000038146973
2021-07-02,70.93000030517578,66.70999908447266,44.3328742980957,25.229999542236328,15.600000381469727
2021-07-05,70.5199966430664,65.75,44.352500915527344,24.65999984741211,15.479999542236328
2021-07-06,73.98999786376953,64.37999725341797,47.83789825439453,24.389999389648438,15.0
2021-07-07,75.69999694824219,66.80000305175781,48.340301513671875,24.420000076293945,15.149999618530273
2021-07-08,75.19000244140625,65.91999816894531,49.125301361083984,24.8799991607666,14.850000381469727
2021-07-12,74.8499984741211,67.30000305175781,48.04199981689453,24.549999237060547,14.729999542236328
2021-07-13,75.37999725341797,68.55000305175781,47.700523376464844,24.100000381469727,14.859999656677246
2021-07-14,75.1500015258789,66.55000305175781,46.672176361083984,23.940000534057617,14.859999656677246
2021-07-15,76.19000244140625,65.29000091552734,46.570125579833984,23.959999084472656,14.729999542236328
2021-07-16,74.75,68.0,45.6870002746582,23.510000228881836,14.600000381469727
2021-07-19,74.41000366210938,61.91999816894531,46.39742660522461,23.389999389648438,14.050000190734863
2021-07-20,75.5999984741211,61.33000183105469,46.70750045776367,23.149999618530273,14.029999732971191
2021-07-21,75.41000366210938,57.849998474121094,46.38957595825195,22.899999618530273,14.149999618530273
2021-07-22,76.6500015258789,57.5,47.382598876953125,23.399999618530273,14.279999732971191
2021-07-23,77.3499984741211,55.97999954223633,47.747623443603516,23.579999923706055,14.09000015258789
2021-07-26,77.30000305175781,53.08000183105469,47.8849983215332,23.09000015258789,13.739999771118164
2021-07-27,75.36000061035156,51.869998931884766,46.864498138427734,22.479999542236328,13.25
2021-07-28,74.01000213623047,53.0,46.45237350463867,22.3799991607666,13.270000457763672
2021-07-29,73.77999877929688,51.88999938964844,44.744998931884766,22.459999084472656,13.199999809265137
2021-07-30,75.9000015258789,49.099998474121094,43.414424896240234,22.84000015258789,12.59000015258789
2021-08-02,75.30000305175781,51.27000045776367,43.096500396728516,23.610000610351562,12.729999542236328
2021-08-03,76.25,49.0,43.645999908447266,24.940000534057617,12.5600004196167
2021-08-04,76.5,47.790000915527344,43.57535171508789,25.540000915527344,12.25
2021-08-05,76.30000305175781,47.650001525878906,44.117000579833984,25.899999618530273,12.15999984741211
2021-08-06,76.5999984741211,46.5,43.779449462890625,26.350000381469727,12.350000381469727
2021-08-09,76.69999694824219,46.27000045776367,43.65385055541992,26.799999237060547,12.710000038146973
2021-08-10,75.80000305175781,45.150001525878906,43.21817398071289,26.239999771118164,12.800000190734863
2021-08-11,76.12999725341797,45.70000076293945,43.096500396728516,26.0,13.020000457763672
2021-08-12,78.38999938964844,46.83000183105469,43.53609848022461,25.479999542236328,12.069999694824219
2021-08-13,78.31999969482422,43.13999938964844,43.37125015258789,25.65999984741211,11.300000190734863
2021-08-16,79.68000030517578,41.02000045776367,43.52432632446289,25.34000015258789,10.609999656677246
2021-08-17,79.22000122070312,40.220001220703125,42.81782531738281,26.280000686645508,10.600000381469727
2021-08-18,79.02999877929688,39.93000030517578,43.13967514038086,25.93000030517578,10.75
2021-08-19,79.68000030517578,40.81999969482422,43.34377670288086,26.989999771118164,11.199999809265137
2021-08-20,79.83999633789062,40.939998626708984,43.08472442626953,27.90999984741211,11.270000457763672
2021-08-23,80.70999908447266,39.20000076293945,44.01887512207031,27.399999618530273,10.800000190734863
2021-08-24,78.8499984741211,43.0,43.37125015258789,27.639999389648438,11.300000190734863
2021-08-25,77.62000274658203,42.41999816894531,42.9787483215332,28.350000381469727,11.270000457763672
2021-08-26,77.83999633789062,43.22999954223633,43.65777587890625,27.5,10.890000343322754
2021-08-27,76.91000366210938,42.060001373291016,43.547874450683594,27.75,10.869999885559082
2021-08-30,79.77999877929688,43.189998626708984,44.5880012512207,27.0,10.760000228881836
2021-08-31,78.76000213623047,41.36000061035156,44.744998931884766,26.479999542236328,10.390000343322754
2021-09-01,79.25,43.060001373291016,45.184600830078125,25.65999984741211,10.270000457763672
2021-09-02,79.5999984741211,41.31999969482422,44.866676330566406,26.049999237060547,9.640000343322754
2021-09-03,80.13999938964844,41.880001068115234,45.000125885009766,26.600000381469727,9.619999885559082
2021-09-06,81.5999984741211,44.150001525878906,45.25917434692383,26.610000610351562,9.949999809265137
2021-09-08,82.4000015258789,40.11000061035156,46.77814865112305,25.56999969482422,9.020000457763672
2021-09-09,80.80999755859375,40.849998474121094,45.663448333740234,26.979999542236328,9.5
2021-09-10,78.30999755859375,39.5,45.80474853515625,26.450000762939453,9.020000457763672
2021-09-13,77.91999816894531,41.400001525878906,45.15712356567383,25.989999771118164,9.199999809265137
2021-09-14,78.08999633789062,41.22999954223633,45.43579864501953,27.0,9.050000190734863
2021-09-15,77.97000122070312,39.58000183105469,45.6359748840332,26.899999618530273,8.779999732971191
2021-09-16,78.43000030517578,37.7599983215332,45.863624572753906,26.799999237060547,8.6899995803833
2021-09-17,77.04000091552734,36.7599983215332,45.57317352294922,26.739999771118164,8.460000038146973
2021-09-20,76.37999725341797,35.459999084472656,44.39567565917969,25.5,7.889999866485596
2021-09-21,76.04000091552734,36.810001373291016,44.07775115966797,26.270000457763672,8.779999732971191
2021-09-22,77.05000305175781,36.459999084472656,44.62725067138672,26.459999084472656,8.569999694824219
2021-09-23,78.0,35.5,45.41225051879883,26.190000534057617,8.59000015258789
2021-09-24,78.83999633789062,34.2400016784668,45.895023345947266,25.799999237060547,8.5
2021-09-27,78.5,33.400001525878906,45.895023345947266,25.799999237060547,8.100000381469727
2021-09-28,76.8499984741211,31.329999923706055,44.85490036010742,24.280000686645508,7.909999847412109
2021-09-29,77.5,31.190000534057617,44.748924255371094,23.899999618530273,7.860000133514404
2021-09-30,77.62000274658203,30.920000076293945,44.94124984741211,23.459999084472656,7.710000038146973
2021-10-01,76.43000030517578,32.029998779296875,44.01887512207031,24.0,8.289999961853027
2021-10-04,75.69999694824219,29.3700008392334,43.363399505615234,22.969999313354492,7.699999809265137
2021-10-05,77.62000274658203,30.489999771118164,44.29362487792969,23.299999237060547,7.849999904632568
2021-10-06,77.8499984741211,32.720001220703125,44.78424835205078,22.90999984741211,8.119999885559082
2021-10-07,79.19999694824219,31.889999389648438,45.683074951171875,23.1299991607666,7.789999961853027
2021-10-08,79.05000305175781,33.7400016784668,45.36122512817383,23.399999618530273,8.0600004196167
2021-10-11,78.43000030517578,33.790000915527344,44.980499267578125,21.989999771118164,7.909999847412109
2021-10-13,77.9000015258789,34.83000183105469,45.38085174560547,23.469999313354492,8.210000038146973
2021-10-14,79.45999908447266,34.29999923706055,45.604576110839844,23.860000610351562,8.0
2021-10-15,79.05999755859375,37.45000076293945,46.468074798583984,23.770000457763672,8.140000343322754
2021-10-18,81.0,39.06999969482422,47.60240173339844,23.450000762939453,8.180000305175781
2021-10-19,82.9800033569336,39.029998779296875,48.37562561035156,22.40999984741211,7.800000190734863
2021-10-20,82.81999969482422,39.779998779296875,47.37474822998047,21.3799991607666,7.519999980926514
2021-10-21,84.48999786376953,35.41999816894531,48.756351470947266,20.100000381469727,6.920000076293945
2021-10-22,84.12999725341797,33.720001220703125,47.06074905395508,19.540000915527344,6.96999979019165
2021-10-25,82.80999755859375,34.310001373291016,46.307151794433594,19.920000076293945,7.090000152587891
2021-10-26,82.91000366210938,32.400001525878906,47.18635177612305,19.0,6.659999847412109
2021-10-27,82.87000274658203,32.90999984741211,47.319801330566406,18.829999923706055,6.619999885559082
2021-10-28,85.33000183105469,30.079999923706055,47.096073150634766,18.979999542236328,6.369999885559082
2021-10-29,84.87000274658203,29.700000762939453,47.39437484741211,18.770000457763672,6.150000095367432
2021-11-01,84.56999969482422,31.219999313354492,47.08037567138672,19.309999465942383,6.650000095367432
2021-11-03,84.44999694824219,33.27000045776367,47.37474822998047,20.81999969482422,6.900000095367432
2021-11-04,85.11000061035156,32.790000915527344,48.94475173950195,20.639999389648438,6.579999923706055
2021-11-05,83.87000274658203,34.95000076293945,48.74850082397461,20.450000762939453,7.289999961853027
2021-11-08,83.7300033569336,32.68000030517578,48.556175231933594,19.610000610351562,7.059999942779541
2021-11-09,82.52999877929688,35.18000030517578,48.85447311401367,20.829999923706055,7.539999961853027
2021-11-10,81.66000366210938,34.41999816894531,47.8849983215332,21.889999389648438,7.050000190734863
2021-11-11,79.77999877929688,35.34000015258789,46.852725982666016,22.809999465942383,6.170000076293945
2021-11-12,82.0,37.400001525878906,48.108726501464844,21.969999313354492,6.210000038146973
2021-11-16,82.88999938964844,34.119998931884766,48.603275299072266,20.420000076293945,5.730000019073486
2021-11-17,85.33000183105469,33.2400016784668,49.59629821777344,19.489999771118164,5.559999942779541
2021-11-18,88.51000213623047,33.380001068115234,51.63337326049805,19.549999237060547,5.579999923706055
2021-11-19,89.69999694824219,33.56999969482422,51.813926696777344,19.549999237060547,5.71999979019165
2021-11-22,90.37000274658203,31.360000610351562,50.13010025024414,19.139999389648438,5.710000038146973
2021-11-23,90.44999694824219,31.290000915527344,50.09477615356445,18.3700008392334,5.920000076293945
2021-11-24,90.79000091552734,31.979999542236328,50.23607635498047,18.56999969482422,5.869999885559082
2021-11-25,90.80000305175781,32.47999954223633,50.3145751953125,19.170000076293945,5.949999809265137
2021-11-26,88.38999938964844,30.459999084472656,49.023250579833984,18.5,5.679999828338623
2021-11-29,90.2300033569336,31.450000762939453,50.251773834228516,18.5,5.849999904632568
2021-11-30,92.30999755859375,30.31999969482422,49.21950149536133,18.209999084472656,5.670000076293945
2021-12-01,94.70999908447266,28.290000915527344,49.152774810791016,18.450000762939453,5.199999809265137
2021-12-02,92.56999969482422,27.440000534057617,48.69747543334961,18.079999923706055,5.150000095367432
2021-12-03,91.7699966430664,27.809999465942383,47.84574890136719,19.1299991607666,5.360000133514404
2021-12-06,94.31999969482422,29.829999923706055,49.0625,18.920000076293945,5.610000133514404
2021-12-07,96.29000091552734,29.799999237060547,49.06642532348633,19.719999313354492,5.800000190734863
2021-12-08,96.75,30.59000015258789,48.82307434082031,20.5,5.769999980926514
2021-12-09,97.69999694824219,27.969999313354492,48.77989959716797,19.31999969482422,5.360000133514404
2021-12-10,100.8499984741211,28.5,48.391326904296875,19.84000015258789,5.480000019073486
2021-12-13,100.06999969482422,27.219999313354492,48.35599899291992,19.799999237060547,5.309999942779541
2021-12-14,99.7699966430664,26.670000076293945,48.12442398071289,18.860000610351562,4.960000038146973
2021-12-15,101.51000213623047,28.65999984741211,49.235198974609375,19.170000076293945,5.199999809265137
2021-12-16,98.4800033569336,31.219999313354492,47.924251556396484,18.670000076293945,4.909999847412109
2021-12-17,97.6500015258789,31.31999969482422,48.316749572753906,18.6200008392334,4.849999904632568
2021-12-20,97.80000305175781,31.09000015258789,47.8849983215332,17.889999389648438,4.739999771118164
2021-12-21,99.62000274658203,30.799999237060547,48.84662628173828,17.530000686645508,4.610000133514404
2021-12-22,99.37999725341797,30.6200008392334,48.46197509765625,17.329999923706055,4.5
2021-12-23,100.30000305175781,30.729999542236328,48.77204895019531,16.829999923706055,4.5
2021-12-27,101.79000091552734,31.899999618530273,47.83789825439453,16.899999618530273,4.860000133514404
2021-12-28,101.1500015258789,31.030000686645508,48.21077346801758,16.6299991607666,4.949999809265137
2021-12-29,102.83000183105469,31.020000457763672,48.391326904296875,16.399999618530273,5.019999980926514
2021-12-30,98.88999938964844,31.579999923706055,46.8880500793457,16.3700008392334,5.25
2022-01-03,103.5,31.020000457763672,48.27750015258789,15.819999694824219,4.980000019073486
2022-01-04,102.76000213623047,29.959999084472656,47.802574157714844,14.40999984741211,4.730000019073486
2022-01-05,100.12000274658203,28.6200008392334,46.95085144042969,13.770000457763672,4.570000171661377
2022-01-06,97.51000213623047,29.260000228881836,46.51124954223633,14.029999732971191,4.360000133514404
2022-01-07,97.69000244140625,27.700000762939453,45.969600677490234,14.180000305175781,4.170000076293945
2022-01-10,97.47000122070312,27.139999389648438,45.85969924926758,14.0,4.010000228881836
2022-01-11,97.69999694824219,28.049999237060547,46.11090087890625,14.989999771118164,4.039999961853027
2022-01-12,96.91000366210938,29.479999542236328,45.6870002746582,15.550000190734863,4.110000133514404
2022-01-13,95.66999816894531,29.59000015258789,44.75677490234375,15.399999618530273,3.990000009536743
2022-01-14,95.91000366210938,30.309999465942383,44.902000427246094,15.239999771118164,3.9700000286102295
2022-01-17,95.69000244140625,30.469999313354492,45.15712356567383,15.020000457763672,3.9000000953674316
2022-01-18,94.5999984741211,30.209999084472656,44.430999755859375,14.779999732971191,3.75
2022-01-19,90.70999908447266,33.0181999206543,42.81782531738281,14.729999542236328,4.0
2022-01-20,89.76000213623047,33.992835998535156,41.212501525878906,16.15999984741211,4.210000038146973
2022-01-21,88.95999908447266,34.778507232666016,39.206825256347656,16.700000762939453,4.349999904632568
2022-01-24,88.75,34.082340240478516,39.736698150634766,15.890000343322754,4.21999979019165
2022-01-25,87.30000305175781,35.1067008972168,37.958675384521484,16.780000686645508,4.349999904632568
2022-01-26,86.37000274658203,33.95305252075195,37.68392562866211,18.010000228881836,4.349999904632568
2022-01-27,85.87000274658203,33.28672409057617,37.8213005065918,17.510000228881836,4.619999885559082
2022-01-28,91.0999984741211,31.23800277709961,38.457149505615234,17.059999465942383,4.570000171661377
2022-01-31,92.16000366210938,31.536359786987305,39.603248596191406,17.809999465942383,4.71999979019165
2022-02-01,91.80000305175781,31.09000015258789,40.03499984741211,17.950000762939453,4.699999809265137
2022-02-02,92.08999633789062,31.209999084472656,39.61109924316406,17.670000076293945,4.400000095367432
2022-02-03,91.37999725341797,32.0,40.03499984741211,17.59000015258789,4.480000019073486
2022-02-04,91.51000213623047,32.150001525878906,42.11524963378906,17.670000076293945,4.21999979019165
2022-02-07,89.80999755859375,32.20000076293945,41.47154998779297,17.799999237060547,4.059999942779541
2022-02-08,91.4800033569336,33.27000045776367,42.27617645263672,17.200000762939453,4.139999866485596
2022-02-09,91.91999816894531,34.029998779296875,42.291873931884766,17.280000686645508,4.039999961853027
2022-02-10,90.69999694824219,33.95000076293945,41.848350524902344,16.739999771118164,4.340000152587891
2022-02-11,88.88999938964844,32.540000915527344,40.10957336425781,16.530000686645508,4.119999885559082
2022-02-14,88.4800033569336,33.720001220703125,40.66692352294922,17.6200008392334,4.019999980926514
2022-02-15,88.66000366210938,35.86000061035156,40.1723747253418,18.549999237060547,4.119999885559082
2022-02-16,88.12000274658203,35.439998626708984,40.6276741027832,18.540000915527344,4.150000095367432
2022-02-17,87.0999984741211,34.279998779296875,39.964351654052734,18.850000381469727,4.010000228881836
2022-02-18,86.0999984741211,33.720001220703125,39.09299850463867,18.350000381469727,3.940000057220459
2022-02-21,84.0999984741211,31.489999771118164,38.43752670288086,17.200000762939453,3.759999990463257
2022-02-22,83.0999984741211,29.790000915527344,37.81737518310547,18.209999084472656,3.869999885559082
2022-02-23,79.68000030517578,29.690000534057617,36.133548736572266,17.850000381469727,3.819999933242798
2022-02-24,83.3499984741211,30.200000762939453,38.9202995300293,18.0,3.9100000858306885
2022-02-25,84.58999633789062,30.5,39.3755989074707,17.489999771118164,3.7899999618530273
2022-03-02,84.55000305175781,32.45000076293945,38.688724517822266,17.670000076293945,3.859999895095825
2022-03-03,83.08999633789062,31.100000381469727,36.93424987792969,18.280000686645508,3.740000009536743
2022-03-04,82.27999877929688,30.09000015258789,36.59669876098633,17.520000457763672,3.619999885559082
2022-03-07,80.91999816894531,27.010000228881836,35.12089920043945,15.949999809265137,3.4000000953674316
2022-03-08,79.54000091552734,26.93000030517578,34.21422576904297,16.670000076293945,3.4000000953674316
2022-03-09,81.98999786376953,27.510000228881836,34.748023986816406,18.15999984741211,3.4100000858306885
2022-03-10,79.19000244140625,26.700000762939453,36.84397506713867,17.40999984741211,3.2699999809265137
2022-03-11,78.41999816894531,24.8799991607666,37.01274871826172,16.68000030517578,3.2100000381469727
2022-03-14,76.8499984741211,23.850000381469727,36.266998291015625,16.18000030517578,3.1600000858306885
2022-03-15,80.41999816894531,23.25,38.009700775146484,17.1299991607666,3.2300000190734863
2022-03-16,80.87999725341797,24.40999984741211,38.80255126953125,17.8700008392334,3.319999933242798
2022-03-17,80.4000015258789,24.6299991607666,39.363826751708984,18.0,3.4100000858306885
2022-03-18,82.0999984741211,26.959999084472656,40.4000244140625,18.639999389648438,3.549999952316284
2022-03-21,81.19999694824219,26.549999237060547,39.787723541259766,17.940000534057617,3.4800000190734863
2022-03-22,83.0999984741211,28.31999969482422,40.46675109863281,18.549999237060547,3.6500000953674316
2022-03-23,82.80999755859375,28.670000076293945,39.603248596191406,18.989999771118164,3.6700000762939453
2022-03-24,84.13999938964844,30.399999618530273,39.548301696777344,18.799999237060547,3.819999933242798
2022-03-25,82.76000213623047,32.279998779296875,39.01449966430664,18.760000228881836,3.9700000286102295
2022-03-28,84.02999877929688,31.959999084472656,40.29404830932617,18.600000381469727,3.940000057220459
2022-03-29,84.8499984741211,34.650001525878906,40.24302673339844,19.440000534057617,4.28000020980835
2022-03-30,84.70999908447266,34.54999923706055,39.61502456665039,18.780000686645508,4.190000057220459
2022-03-31,82.94000244140625,32.650001525878906,38.975250244140625,18.65999984741211,4.170000076293945
2022-04-01,81.0,34.0,37.98222351074219,19.149999618530273,4.329999923706055
2022-04-04,81.83999633789062,33.400001525878906,38.65340042114258,19.110000610351562,4.260000228881836
2022-04-05,81.25,31.309999465942383,38.092124938964844,18.65999984741211,4.03000020980835
2022-04-06,80.6500015258789,30.25,37.48374938964844,17.739999771118164,3.8499999046325684
2022-04-07,81.9000015258789,30.969999313354492,37.44449996948242,17.670000076293945,3.9100000858306885
2022-04-08,79.87999725341797,28.579999923706055,36.266998291015625,17.030000686645508,3.5999999046325684
2022-04-11,77.72000122070312,28.100000381469727,35.35639953613281,16.3799991607666,3.5299999713897705
2022-04-12,77.95999908447266,28.700000762939453,35.21117401123047,16.649999618530273,3.5299999713897705
2022-04-13,79.30000305175781,29.239999771118164,36.3140983581543,16.850000381469727,3.5
2022-04-14,77.87000274658203,28.149999618530273,35.61152648925781,16.170000076293945,3.4100000858306885
2022-04-18,77.0,28.360000610351562,35.6193733215332,15.989999771118164,3.440000057220459
2022-04-19,77.5999984741211,28.010000228881836,36.643798828125,16.15999984741211,3.4100000858306885
2022-04-20,77.16000366210938,27.239999771118164,35.666473388671875,15.979999542236328,3.2699999809265137
2022-04-22,77.81999969482422,26.670000076293945,34.73625183105469,15.430000305175781,3.140000104904175
2022-04-25,79.43000030517578,26.389999389648438,35.481998443603516,15.869999885559082,3.190000057220459
2022-04-26,77.72000122070312,25.040000915527344,34.74017333984375,15.75,3.0399999618530273
2022-04-27,77.54000091552734,25.020000457763672,34.32804870605469,15.789999961853027,3.0799999237060547
2022-04-28,80.4000015258789,25.209999084472656,33.35464859008789,15.760000228881836,3.0799999237060547
2022-04-29,77.97000122070312,24.0,30.75237464904785,15.229999542236328,2.9700000286102295
2022-05-02,79.68000030517578,24.010000228881836,31.40785026550293,15.510000228881836,2.9100000858306885
2022-05-03,79.33999633789062,23.329999923706055,30.677799224853516,15.760000228881836,2.859999895095825
2022-05-04,81.27999877929688,25.09000015258789,30.862274169921875,16.260000228881836,3.0199999809265137
2022-05-05,78.94000244140625,23.290000915527344,29.041074752807617,15.170000076293945,2.859999895095825
2022-05-06,79.38999938964844,22.3799991607666,28.986125946044922,13.239999771118164,2.7699999809265137
2022-05-09,78.0,20.860000610351562,28.044124603271484,11.800000190734863,2.690000057220459
2022-05-10,79.36000061035156,21.43000030517578,27.83609962463379,12.65999984741211,2.630000114440918
2022-05-11,75.37999725341797,21.600000381469727,27.20025062561035,12.420000076293945,2.5899999141693115
2022-05-12,73.0999984741211,22.670000076293945,27.396499633789062,12.1899995803833,2.7100000381469727
2022-05-13,73.9000015258789,23.049999237060547,28.377750396728516,13.359999656677246,2.7799999713897705
2022-05-16,73.9000015258789,23.65999984741211,28.377750396728516,13.880000114440918,2.7799999713897705
2022-05-17,73.4000015258789,23.020000457763672,28.393449783325195,13.800000190734863,2.990000009536743
2022-05-18,69.9000015258789,22.950000762939453,26.56439971923828,13.460000038146973,2.9200000762939453
2022-05-19,67.30999755859375,23.09000015258789,26.26609992980957,12.760000228881836,2.990000009536743
2022-05-20,66.77999877929688,23.469999313354492,26.156200408935547,12.100000381469727,3.0
2022-05-23,68.80999755859375,24.06999969482422,25.708749771118164,12.300000190734863,3.009999990463257
2022-05-24,67.36000061035156,22.8799991607666,25.02972412109375,11.84000015258789,3.0299999713897705
2022-05-25,67.36000061035156,21.889999389648438,25.622400283813477,11.619999885559082,3.2200000286102295
2022-05-26,68.41999816894531,21.5,26.533000946044922,12.149999618530273,3.3499999046325684
2022-05-27,70.69000244140625,21.489999771118164,27.553499221801758,12.289999961853027,3.25
2022-05-30,70.11000061035156,20.700000762939453,27.945999145507812,12.15999984741211,3.1700000762939453
2022-05-31,70.95999908447266,20.100000381469727,28.88800048828125,12.130000114440918,3.140000104904175
2022-06-01,71.30000305175781,19.34000015258789,29.358999252319336,12.050000190734863,3.0899999141693115
2022-06-02,72.05000305175781,19.540000915527344,29.829999923706055,12.760000228881836,3.190000057220459
2022-06-03,69.20999908447266,18.399999618530273,29.045000076293945,12.479999542236328,3.130000114440918
2022-06-06,69.72000122070312,17.5,29.75149917602539,11.949999809265137,3.0299999713897705
2022-06-07,72.02999877929688,17.079999923706055,29.829999923706055,11.720000267028809,2.940000057220459
2022-06-08,72.55000305175781,16.690000534057617,29.516000747680664,11.630000114440918,3.009999990463257
2022-06-09,70.2300033569336,17.030000686645508,28.573999404907227,11.819999694824219,2.9100000858306885
2022-06-10,68.1500015258789,15.220000267028809,27.239500045776367,11.149999618530273,2.8299999237060547
2022-06-13,67.33000183105469,13.890000343322754,26.533000946044922,10.050000190734863,2.549999952316284
2022-06-14,68.08000183105469,13.300000190734863,26.062000274658203,10.09000015258789,2.2899999618530273
2022-06-15,68.0,13.920000076293945,26.847000122070312,10.569999694824219,2.319999933242798
2022-06-17,67.58999633789062,13.529999732971191,27.239500045776367,10.470000267028809,2.2100000381469727
2022-06-20,67.1500015258789,13.319999694824219,26.847000122070312,10.520000457763672,2.259999990463257
2022-06-21,69.83000183105469,13.369999885559082,27.86750030517578,10.520000457763672,2.2300000190734863
2022-06-22,69.75,13.34000015258789,28.10300064086914,10.710000038146973,2.2899999618530273
2022-06-23,72.2300033569336,13.930000305175781,29.358999252319336,11.380000114440918,2.369999885559082
2022-06-24,74.30000305175781,13.729999542236328,30.45800018310547,10.75,2.2699999809265137
2022-06-27,73.80999755859375,14.029999732971191,29.67300033569336,10.710000038146973,2.200000047683716
2022-06-28,72.33000183105469,13.420000076293945,28.10300064086914,10.569999694824219,2.0799999237060547
2022-06-29,72.1500015258789,13.4399995803833,28.338499069213867,10.390000343322754,2.0899999141693115
2022-06-30,71.27999877929688,13.430000305175781,27.788999557495117,9.930000305175781,1.9199999570846558
2022-07-01,73.83000183105469,12.729999542236328,28.96649932861328,9.819999694824219,1.8899999856948853
2022-07-04,75.38999938964844,12.539999961853027,28.338499069213867,9.600000381469727,1.8300000429153442
2022-07-05,76.05999755859375,13.760000228881836,30.45800018310547,10.430000305175781,2.0399999618530273
2022-07-06,77.27999877929688,15.380000114440918,31.164499282836914,10.59000015258789,2.309999942779541
2022-07-07,77.91000366210938,15.5,30.929000854492188,10.75,2.3499999046325684
2022-07-08,77.30999755859375,15.800000190734863,30.301000595092773,10.65999984741211,2.430000066757202
2022-07-11,77.5,15.609999656677246,29.75149917602539,10.079999923706055,2.3299999237060547
2022-07-12,79.18000030517578,16.899999618530273,29.20199966430664,10.510000228881836,2.549999952316284
2022-07-13,78.4000015258789,16.65999984741211,29.75149917602539,10.630000114440918,2.5199999809265137
2022-07-14,80.5,16.68000030517578,29.90850067138672,10.170000076293945,2.4800000190734863
2022-07-15,80.58000183105469,16.31999969482422,30.379499435424805,10.1899995803833,2.4000000953674316
2022-07-18,79.45999908447266,15.739999771118164,30.693500518798828,9.670000076293945,2.309999942779541
2022-07-19,81.44999694824219,16.190000534057617,31.792499542236328,9.75,2.309999942779541
2022-07-20,83.37999725341797,16.920000076293945,33.205501556396484,10.6899995803833,2.609999895095825
2022-07-21,85.48999786376953,16.93000030517578,33.990501403808594,10.279999732971191,2.630000114440918
2022-07-22,84.86000061035156,15.930000305175781,33.284000396728516,9.869999885559082,2.509999990463257
2022-07-25,81.79000091552734,15.569999694824219,32.26350021362305,9.369999885559082,2.5199999809265137
2022-07-26,81.0,14.8100004196167,30.693500518798828,8.960000038146973,2.359999895095825
2022-07-27,82.1500015258789,15.460000038146973,31.55699920654297,9.479999542236328,2.4800000190734863
2022-07-28,81.31999969482422,15.09000015258789,34.304500579833984,9.930000305175781,2.509999990463257
2022-07-29,84.22000122070312,14.0,35.167999267578125,9.680000305175781,2.4000000953674316
2022-08-01,83.33000183105469,13.890000343322754,34.880001068115234,9.829999923706055,2.440000057220459
2022-08-02,84.22000122070312,13.760000228881836,35.36000061035156,10.079999923706055,2.3499999046325684
2022-08-03,87.75,14.739999771118164,37.0,10.789999961853027,2.619999885559082
2022-08-04,86.13999938964844,15.079999923706055,37.130001068115234,11.84000015258789,2.950000047683716
2022-08-05,85.2699966430664,13.899999618530273,36.2400016784668,11.430000305175781,2.859999895095825
2022-08-08,84.41999816894531,14.239999771118164,35.70000076293945,11.579999923706055,2.9200000762939453
2022-08-09,84.58000183105469,13.619999885559082,35.13999938964844,10.880000114440918,2.7899999618530273
2022-08-10,85.7300033569336,14.65999984741211,36.099998474121094,11.300000190734863,2.9600000381469727
2022-08-11,86.7300033569336,13.279999732971191,36.119998931884766,10.279999732971191,2.7899999618530273
2022-08-12,86.98999786376953,12.960000038146973,36.13999938964844,10.979999542236328,3.180000066757202
2022-08-15,88.25,15.329999923706055,36.279998779296875,11.890000343322754,3.640000104904175
2022-08-16,88.75,15.170000076293945,37.2599983215332,11.5600004196167,3.619999885559082
2022-08-17,90.5,14.239999771118164,36.58000183105469,11.180000305175781,3.4000000953674316
2022-08-18,89.93000030517578,13.630000114440918,36.689998626708984,10.8100004196167,3.309999942779541
2022-08-19,88.91999816894531,13.029999732971191,35.650001525878906,10.329999923706055,3.109999895095825
2022-08-22,86.30999755859375,15.960000038146973,34.310001373291016,9.600000381469727,3.1700000762939453
2022-08-23,85.0199966430664,18.5,34.09000015258789,10.039999961853027,3.2699999809265137
2022-08-24,85.4800033569336,18.43000030517578,34.2599983215332,10.40999984741211,3.390000104904175
2022-08-25,86.62000274658203,18.790000915527344,34.970001220703125,10.930000305175781,3.380000114440918
2022-08-26,83.1500015258789,18.100000381469727,33.2400016784668,10.5,3.2699999809265137
2022-08-29,81.18000030517578,17.510000228881836,32.75,10.460000038146973,3.3299999237060547
2022-08-30,81.0,17.040000915527344,32.720001220703125,10.489999771118164,3.240000009536743
2022-08-31,82.30000305175781,16.34000015258789,32.869998931884766,10.829999923706055,3.2200000286102295
2022-09-01,82.88999938964844,16.18000030517578,33.22999954223633,10.5600004196167,3.200000047683716
2022-09-02,81.31999969482422,15.510000228881836,33.20000076293945,10.149999618530273,3.0999999046325684
2022-09-05,80.22000122070312,15.449999809265137,32.900001525878906,10.3100004196167,3.130000114440918
2022-09-06,80.63999938964844,14.640000343322754,33.15999984741211,9.720000267028809,2.890000104904175
2022-09-08,80.02999877929688,15.149999618530273,33.97999954223633,10.010000228881836,3.049999952316284
2022-09-09,81.27999877929688,16.559999465942383,34.43000030517578,10.34000015258789,3.259999990463257
2022-09-12,83.38999938964844,17.290000915527344,34.720001220703125,10.300000190734863,3.430000066757202
2022-09-13,79.56999969482422,17.059999465942383,32.9900016784668,9.800000190734863,3.380000114440918
2022-09-14,79.9000015258789,16.739999771118164,33.349998474121094,10.4399995803833,3.259999990463257
2022-09-15,79.91999816894531,16.1200008392334,33.0099983215332,10.020000457763672,3.109999895095825
2022-09-16,79.22000122070312,16.510000228881836,32.349998474121094,10.100000381469727,3.130000114440918
2022-09-19,79.66000366210938,17.420000076293945,32.099998474121094,10.449999809265137,3.2200000286102295
2022-09-20,80.80999755859375,17.389999389648438,31.579999923706055,10.359999656677246,3.190000057220459
2022-09-21,79.5,17.510000228881836,30.780000686645508,10.550000190734863,3.3499999046325684
2022-09-22,78.25,17.239999771118164,30.170000076293945,10.680000305175781,3.359999895095825
2022-09-23,78.72000122070312,17.530000686645508,29.729999542236328,11.15999984741211,3.3499999046325684
